image_name,image_type,levels_of_scale,strong_centers,boundaries,alternating_repetition,positive_space,good_shape,local_symmetries,deep_interlock_and_ambiguity,contrast,gradients,roughness,echoes,the_void,simplicity_and_inner_calm,not_separateness
5.jpg,urban,6,7,7,5,6,7,6,7,8,8,8,7,7,8,8
7.jpg,urban,7,8,6,4,7,6,5,7,9,8,8,6,7,6,8
17.jpg,urban,4,6,7,5,4,3,4,3,6,5,6,5,6,4,3
20.jpg,urban,6,7,5,4,5,6,6,4,7,6,7,5,4,6,6
23.jpg,urban,6,8,7,4,8,7,6,5,8,7,9,5,9,8,8
36.jpg,urban,3,2,4,2,3,2,3,2,4,3,4,3,5,3,2
37.jpg,urban,3,2,4,2,3,3,2,2,4,6,6,4,8,7,6
40.jpg,urban,6,7,8,4,7,6,5,5,7,8,8,6,8,8,9
41.jpg,urban,4,3,6,5,4,5,6,3,6,7,6,5,7,7,6
42.jpg,urban,7,8,7,6,5,7,8,4,6,5,6,7,4,7,6
43.jpg,urban,4,6,5,6,3,5,7,3,6,4,5,7,4,5,4
50.jpg,urban,4,3,6,5,4,5,4,3,6,7,6,5,7,7,6
55.jpg,urban,8,9,7,6,7,8,7,6,8,7,8,7,8,9,8
59.jpg,urban,8,9,7,6,8,8,8,5,7,8,6,7,8,9,8
71.jpg,urban,4,3,6,5,4,3,6,2,5,6,4,7,7,5,4
73.jpg,urban,8,7,8,6,7,6,5,7,8,9,9,8,7,8,9
82.jpg,urban,8,9,7,8,8,8,9,6,7,7,6,8,9,9,8
86.jpg,urban,6,8,7,5,7,7,8,4,6,7,6,6,8,8,7
89.jpg,urban,6,8,7,7,6,7,8,4,6,5,4,8,7,7,6
93.jpg,urban,8,9,7,6,7,8,7,6,8,7,7,8,8,8,9
103.jpg,urban,8,7,6,5,7,6,6,7,8,8,9,6,8,9,8
110.jpg,urban,8,9,7,6,8,8,7,6,7,8,7,7,8,9,9
114.jpg,urban,7,8,6,4,7,6,5,5,7,8,7,6,8,8,7
119.jpg,urban,4,3,5,6,3,4,2,2,6,7,7,5,8,7,6
140.jpg,urban,8,9,7,6,7,8,7,6,8,7,8,7,6,7,8
149.jpg,urban,8,7,8,6,7,7,7,8,7,8,9,6,6,8,9
151.jpg,urban,7,8,6,4,8,7,6,5,9,8,7,6,9,8,7
153.jpg,urban,4,3,5,2,3,3,4,2,5,4,6,3,4,3,2
156.jpg,urban,8,7,8,6,8,7,6,8,7,9,7,7,8,9,9
163.jpg,urban,4,3,6,5,4,5,6,3,5,7,6,6,5,4,6
171.jpg,urban,7,8,8,5,7,7,6,7,8,8,8,6,7,8,9
178.jpg,urban,6,7,8,4,6,7,6,4,7,5,8,5,7,8,6
180.jpg,urban,6,7,5,4,7,6,5,4,6,8,7,5,8,8,8
183.jpg,urban,4,3,6,2,5,4,3,2,6,7,6,5,8,7,8
198.jpg,urban,8,9,7,6,8,7,8,6,7,8,7,7,8,9,8
211.jpg,urban,7,6,8,8,7,6,5,7,6,8,8,9,7,8,9
213.jpg,urban,8,9,7,6,7,8,7,6,8,7,8,7,6,8,9
215.jpg,urban,8,9,7,6,7,8,7,6,7,8,8,7,6,8,9
221.jpg,urban,8,9,7,6,7,8,8,6,7,6,7,7,8,8,8
231.jpg,urban,6,5,7,4,6,6,5,4,6,7,7,5,6,7,8
238.jpg,urban,6,5,7,4,6,5,4,4,6,7,7,5,7,6,7
239.jpg,urban,4,3,5,3,4,5,2,4,6,7,8,5,6,7,8
241.jpg,urban,7,8,6,5,8,7,6,4,7,8,8,6,9,9,9
251.jpg,urban,4,3,5,6,4,3,4,3,5,6,7,5,6,5,4
252.jpg,urban,7,6,5,4,6,5,4,7,6,8,8,6,7,8,9
253.jpg,urban,4,3,6,5,3,4,6,2,5,4,3,6,7,4,5
256.jpg,urban,8,9,7,6,7,8,7,5,6,7,8,8,8,9,8
263.jpg,urban,8,9,7,6,7,8,7,6,8,7,8,7,8,9,8
273.jpg,urban,7,8,6,7,6,7,8,5,8,7,6,7,7,8,7
278.jpg,urban,8,7,8,6,7,8,6,7,6,8,9,7,5,8,9
279.jpg,urban,7,8,7,6,6,7,6,5,6,7,8,7,5,7,8
280.jpg,urban,7,6,8,5,6,7,6,8,7,8,9,7,7,8,9
282.jpg,urban,8,7,6,5,7,7,6,7,6,8,8,6,7,8,9
283.jpg,urban,7,8,6,5,6,7,6,7,8,7,8,6,5,7,8
286.jpg,urban,6,7,8,5,7,6,6,5,6,8,7,6,5,8,8
295.jpg,urban,4,3,5,3,4,3,4,2,5,6,6,4,6,5,4
298.jpg,urban,4,5,6,3,4,5,6,4,5,7,7,5,6,7,6
299.jpg,urban,4,3,5,2,3,4,3,2,6,5,6,4,7,6,4
300.jpg,urban,6,5,7,4,6,6,5,4,6,7,7,6,5,7,8
301.jpg,urban,4,3,5,2,4,3,4,2,5,6,6,3,7,6,7
302.jpg,urban,6,5,7,4,6,5,3,4,5,8,7,6,7,8,8
305.jpg,urban,6,7,5,4,6,6,5,7,8,7,9,5,7,8,8
307.jpg,urban,6,7,7,5,6,7,8,4,6,5,6,7,5,7,6
314.jpg,urban,6,5,7,6,8,7,6,7,6,8,7,7,9,8,8
316.jpg,urban,7,6,8,5,6,7,6,7,8,7,8,7,6,7,8
319.jpg,urban,7,8,8,6,7,7,6,7,6,8,8,7,6,8,9
320.jpg,urban,6,4,7,5,6,7,5,6,6,8,7,7,7,8,8
323.jpg,urban,6,4,8,5,7,6,7,4,6,8,7,6,8,8,7
330.jpg,urban,8,7,6,5,7,7,6,5,7,6,8,7,8,8,9
331.jpg,urban,8,9,7,6,8,8,7,7,8,6,8,7,8,9,8
332.jpg,urban,8,9,7,6,7,8,7,6,8,7,9,7,8,8,8
336.jpg,urban,6,4,7,5,5,6,3,4,6,7,7,5,6,6,7
341.jpg,urban,8,9,7,7,8,8,8,6,7,8,7,8,8,9,8
344.jpg,urban,7,6,8,5,7,6,5,6,7,8,7,6,6,8,8
345.jpg,urban,8,7,8,6,7,7,6,7,8,8,7,7,7,8,8
346.jpg,urban,6,5,7,8,4,5,7,4,7,5,3,8,6,4,5
347.jpg,urban,4,5,6,3,4,4,5,2,6,5,3,4,6,5,3
348.jpg,urban,6,8,7,4,7,7,6,5,6,7,8,5,6,7,8
359.jpg,urban,8,9,7,6,8,7,6,7,8,8,8,7,7,9,9
360.jpg,urban,8,9,7,6,8,8,7,6,8,7,8,7,8,9,9
369.jpg,urban,7,6,8,5,6,7,7,5,6,7,8,6,5,7,8
371.jpg,urban,6,7,8,5,7,6,7,4,6,8,7,6,8,8,8
372.jpg,urban,7,6,8,5,7,6,4,7,6,8,8,6,7,8,9
374.jpg,urban,7,8,7,4,6,6,5,6,7,8,8,5,8,8,9
378.jpg,urban,6,5,7,4,6,6,5,4,6,7,7,6,7,7,8
380.jpg,urban,6,7,5,4,5,6,7,4,6,7,6,5,6,7,6
386.jpg,urban,8,9,7,6,7,8,7,8,7,8,9,6,8,9,9
390.jpg,urban,8,9,7,6,7,8,8,6,8,5,9,7,6,8,7
395.jpg,urban,7,6,8,5,7,6,4,8,7,8,8,6,7,8,9
396.jpg,urban,8,9,7,6,7,8,7,6,8,7,9,8,6,8,9
397.jpg,urban,8,7,8,6,7,7,6,7,7,8,8,7,8,8,8
399.jpg,urban,8,9,7,6,8,7,6,5,6,7,8,7,8,9,9
400.jpg,urban,8,9,7,6,7,8,7,6,8,7,9,8,8,8,9
402.jpg,urban,7,8,6,4,7,7,6,6,7,8,8,6,8,9,8
403.jpg,urban,6,4,5,3,4,5,4,3,6,7,7,5,6,6,6
404.jpg,urban,6,4,7,5,6,5,6,7,6,8,8,7,7,8,8
410.jpg,urban,6,4,7,5,6,5,3,6,7,8,8,6,7,7,8
411.jpg,urban,8,7,8,6,7,7,6,7,8,8,8,7,7,8,9
417.jpg,urban,3,2,4,5,2,2,6,1,6,5,6,7,3,4,2
418.jpg,urban,4,7,6,3,4,5,6,2,7,5,6,5,7,6,3
420.jpg,urban,6,8,7,5,6,7,8,4,6,5,6,7,5,7,5
421.jpg,urban,6,7,8,4,6,7,6,5,7,8,7,5,7,8,7
423.jpg,urban,8,7,8,6,8,7,5,6,7,8,9,7,7,8,9
424.jpg,urban,8,7,8,6,8,7,6,8,7,9,8,7,8,9,9
426.jpg,urban,8,9,7,6,8,8,7,6,8,7,8,7,8,9,9
427.jpg,urban,8,7,8,6,7,8,6,9,8,9,9,7,7,8,9
428.jpg,urban,8,9,8,9,8,7,8,6,7,8,7,9,6,9,9
432.jpg,urban,6,7,8,4,7,6,7,5,6,7,6,5,6,8,8
433.jpg,urban,8,7,6,5,7,7,6,6,8,7,8,6,6,7,8
437.jpg,urban,7,6,8,5,7,7,6,6,6,8,8,7,6,8,9
438.jpg,urban,4,3,5,2,4,4,3,3,6,7,6,4,7,7,6
441.jpg,urban,8,6,7,5,7,6,4,7,8,9,8,6,6,8,9
446.jpg,urban,6,4,7,5,6,5,3,6,6,7,7,6,5,7,8
450.jpg,urban,6,4,7,5,6,6,5,6,6,8,7,6,7,8,8
457.jpg,urban,4,3,6,2,5,4,3,4,6,7,7,5,7,6,6
461.jpg,urban,7,8,6,4,7,7,6,5,6,8,8,6,8,9,9
462.jpg,urban,6,5,7,4,6,5,6,4,6,7,7,5,8,8,7
466.jpg,urban,7,6,8,8,7,7,6,5,8,6,7,7,6,7,8
471.jpg,urban,4,3,6,5,4,5,4,3,5,6,7,6,5,6,7
472.jpg,urban,4,6,5,3,3,4,3,2,5,4,6,4,4,3,2
473.jpg,urban,7,8,6,5,6,7,6,7,6,7,8,6,7,8,8
476.jpg,urban,8,7,6,5,7,6,6,8,7,8,9,7,7,8,9
477.jpg,urban,6,7,5,4,5,5,6,4,6,7,8,5,6,7,8
483.jpg,urban,7,6,5,4,6,5,6,5,6,7,8,5,7,7,8
484.jpg,urban,6,5,7,4,5,6,5,4,6,5,7,6,4,6,7
485.jpg,urban,6,4,5,3,4,5,4,6,7,6,8,5,6,5,7
489.jpg,urban,6,7,5,6,5,6,7,4,7,4,7,6,5,6,7
494.jpg,urban,7,6,7,5,8,6,7,5,6,8,6,7,8,8,8
496.jpg,urban,8,7,8,6,7,7,6,8,7,9,9,7,8,9,9
499.jpg,urban,4,6,7,5,4,5,7,3,6,5,6,6,5,6,5
500.jpg,urban,8,7,6,7,7,8,6,7,7,8,9,7,6,8,9
503.jpg,urban,8,9,7,6,7,8,7,6,7,6,7,8,6,8,8
504.jpg,urban,7,6,8,5,7,6,4,7,6,8,8,6,7,8,9
505.jpg,urban,6,4,5,3,4,4,5,3,6,5,7,5,6,5,6
508.jpg,urban,8,7,8,6,7,7,6,7,6,8,8,7,8,9,9
513.jpg,urban,4,3,6,5,5,4,6,3,5,7,6,7,8,7,8
514.jpg,urban,7,8,8,6,7,7,7,8,7,8,8,6,6,8,9
516.jpg,urban,8,9,7,6,8,8,7,6,7,8,7,7,8,9,9
520.jpg,urban,7,6,8,5,7,8,4,7,6,8,9,6,5,8,9
521.jpg,urban,7,8,8,6,7,8,7,8,7,9,8,7,6,9,9
533.jpg,urban,7,6,5,4,6,5,3,6,7,8,8,6,7,8,8
535.jpg,urban,6,4,5,3,4,5,4,3,6,7,7,5,6,6,5
543.jpg,urban,6,5,7,4,6,5,6,4,7,8,8,5,7,7,8
550.jpg,urban,7,8,6,5,7,6,5,6,7,8,8,6,8,8,9
553.jpg,urban,8,7,6,6,7,8,7,5,6,7,8,7,6,8,8
557.jpg,urban,8,7,8,6,7,7,6,7,8,7,9,7,8,8,9
559.jpg,urban,8,9,7,6,8,8,7,8,7,6,8,7,7,8,9
581.jpg,urban,4,3,5,3,3,3,4,2,6,6,7,4,5,4,5
582.jpg,urban,6,7,5,4,6,5,6,4,7,7,8,5,7,6,7
583.jpg,urban,7,8,6,5,7,6,4,7,8,8,9,6,7,8,9
586.jpg,urban,7,8,7,5,6,7,6,6,7,8,7,6,7,8,8
590.jpg,urban,6,5,7,4,6,5,4,5,6,7,7,5,6,7,7
591.jpg,urban,6,5,7,4,5,6,6,4,7,5,6,7,6,5,4
593.jpg,urban,4,3,5,4,3,4,3,2,6,5,6,4,4,3,4
598.jpg,urban,8,7,6,5,7,6,4,7,6,8,8,7,8,8,9
605.jpg,urban,7,6,8,5,7,6,5,6,8,7,8,7,8,8,9
610.jpg,urban,6,7,8,5,7,6,8,4,5,7,8,6,6,7,8
614.jpg,urban,7,6,7,6,6,7,6,5,7,6,8,7,7,7,8
617.jpg,urban,7,6,8,7,6,5,4,8,7,6,8,6,5,4,8
618.jpg,urban,7,8,8,6,7,8,5,7,6,8,8,7,6,8,9
622.jpg,urban,8,7,8,6,7,8,7,6,8,7,8,8,7,8,9
631.jpg,urban,7,6,8,5,6,7,5,6,7,6,8,7,5,7,8
632.jpg,urban,7,8,7,5,6,6,7,6,7,6,8,6,5,7,8
633.jpg,urban,7,8,6,5,6,7,6,5,7,4,8,6,5,7,8
647.jpg,urban,4,3,5,6,4,3,4,2,6,7,7,5,7,6,5
651.jpg,urban,8,7,6,5,7,7,6,5,7,6,8,6,7,8,8
654.jpg,urban,7,6,8,5,7,6,4,7,6,8,8,6,5,8,9
662.jpg,urban,8,7,8,4,7,6,6,5,6,9,9,7,8,8,9
664.jpg,urban,8,7,6,5,7,7,4,6,7,8,9,7,8,9,9
676.jpg,urban,8,7,9,6,8,7,5,8,7,9,8,7,6,9,9
683.jpg,urban,8,7,7,6,8,7,6,7,6,8,8,7,8,9,9
686.jpg,urban,8,9,7,6,7,8,7,8,7,6,7,6,5,8,9
690.jpg,urban,6,4,5,3,4,3,2,6,7,8,9,5,6,5,7
693.jpg,urban,6,5,7,4,5,6,5,6,7,6,8,6,6,5,7
701.jpg,urban,6,5,7,4,6,6,5,4,7,6,8,5,7,7,8
704.jpg,urban,6,8,7,5,6,7,8,4,8,5,6,6,7,7,5
713.jpg,urban,4,6,5,3,4,5,6,2,5,6,5,4,3,6,4
728.jpg,urban,8,7,8,6,7,7,6,7,8,8,8,7,8,9,9
731.jpg,urban,7,8,7,6,7,7,8,5,6,5,8,7,6,8,9
741.jpg,urban,6,5,4,3,6,5,4,3,4,7,8,4,7,8,8
743.jpg,urban,8,7,8,6,7,7,6,8,7,8,9,7,6,8,9
746.jpg,urban,7,6,8,5,7,6,4,5,7,8,8,6,8,8,9
748.jpg,urban,8,6,7,5,7,6,4,6,7,8,8,7,6,8,9
750.jpg,urban,8,7,8,6,7,7,5,6,8,9,8,7,8,9,9
761.jpg,urban,8,7,6,5,7,6,4,7,6,8,8,7,8,8,9
762.jpg,urban,8,6,7,7,8,7,5,8,8,9,8,7,7,8,9
772.jpg,urban,8,7,6,4,7,8,5,6,8,9,8,7,8,9,9
780.jpg,urban,7,6,8,5,7,6,4,7,6,9,8,7,8,9,9
782.jpg,urban,6,5,4,6,4,4,5,3,6,5,7,6,3,3,4
787.jpg,urban,7,5,6,4,8,7,3,6,6,8,8,7,8,9,9
789.jpg,urban,4,5,3,2,3,4,5,2,6,5,6,4,4,5,4
790.jpg,urban,6,5,7,4,8,7,3,4,6,8,7,6,8,9,8
792.jpg,urban,6,8,7,4,6,7,8,5,7,6,7,6,5,7,6
795.jpg,urban,4,3,5,6,4,3,4,2,6,3,5,5,6,4,3
803.jpg,urban,6,5,7,4,6,5,4,3,6,7,8,5,7,7,8
812.jpg,urban,7,6,8,5,8,7,6,6,7,8,8,7,9,9,9
813.jpg,urban,4,3,5,6,6,4,5,3,6,7,6,5,7,7,6
816.jpg,urban,6,4,5,7,5,4,6,3,6,7,8,7,6,6,7
817.jpg,urban,8,7,8,6,8,7,5,8,7,9,8,7,8,9,9
825.jpg,urban,6,7,8,5,6,7,6,4,7,5,7,6,5,7,8
834.jpg,urban,8,9,8,6,8,9,7,8,7,9,9,7,6,9,9
842.jpg,urban,6,7,5,4,5,6,6,4,6,4,7,5,6,6,5
847.jpg,urban,4,5,6,3,4,3,2,3,8,7,6,4,6,5,4
855.jpg,urban,8,7,8,6,7,7,6,7,8,8,8,7,8,8,9
856.jpg,urban,8,7,6,7,6,7,6,7,7,8,8,8,7,7,8
857.jpg,urban,6,7,8,5,7,6,5,4,9,8,6,7,8,8,8
860.jpg,urban,6,5,6,4,7,6,5,6,6,7,7,6,8,7,8
861.jpg,urban,6,5,7,4,6,5,4,3,8,7,6,5,7,8,7
872.jpg,urban,6,7,8,8,5,6,7,4,6,7,7,8,6,7,8
874.jpg,urban,7,8,6,7,7,6,8,5,8,7,8,7,8,8,9
894.jpg,urban,4,3,6,5,5,4,3,2,7,8,7,6,8,8,7
903.jpg,urban,7,8,6,4,7,6,5,7,8,8,9,7,8,8,9
914.jpg,urban,7,6,8,5,8,7,6,7,8,9,8,6,9,9,8
942.jpg,urban,7,5,8,4,6,7,6,5,9,8,7,6,8,7,8
951.jpg,urban,7,6,8,5,7,6,4,6,7,8,9,6,5,7,8
954.jpg,urban,6,4,7,5,5,5,3,4,6,7,8,6,6,7,8
959.jpg,urban,8,7,6,5,7,7,6,5,6,7,8,6,8,8,9
961.jpg,urban,7,4,8,6,7,6,3,5,6,8,7,6,8,8,8
974.jpg,urban,7,8,6,5,6,7,4,6,7,8,8,7,7,8,9
976.jpg,urban,7,6,8,5,6,7,4,8,7,6,9,8,7,7,8
992.jpg,urban,6,7,6,4,5,6,5,4,6,7,7,5,6,7,8
994.jpg,urban,8,7,6,5,6,7,4,6,7,8,9,6,7,8,8
995.jpg,urban,7,6,8,5,7,6,5,6,7,8,8,7,6,8,9
1013.jpg,urban,8,7,6,5,8,7,6,7,6,8,8,6,7,8,9
1033.jpg,urban,6,5,4,3,4,4,5,3,6,7,7,5,6,6,5
1047.jpg,urban,7,6,7,5,6,7,6,5,6,7,8,6,7,8,8
1055.jpg,urban,6,7,8,4,7,6,5,4,6,8,7,5,8,8,8
1056.jpg,urban,4,3,5,6,4,5,4,3,6,7,6,7,8,7,6
1057.jpg,urban,6,5,7,6,7,6,4,3,6,8,7,5,8,8,8
1060.jpg,urban,8,9,7,6,7,8,7,6,7,8,7,8,8,9,8
1066.jpg,urban,8,6,8,5,7,7,4,7,8,9,9,6,8,9,9
1079.jpg,urban,6,4,5,3,5,4,3,4,6,7,6,5,6,6,7
1085.jpg,urban,4,6,7,8,5,6,9,4,7,6,7,8,4,6,7
1100.jpg,urban,6,7,8,5,4,5,6,4,7,6,5,6,3,4,5
1101.jpg,urban,4,3,6,5,4,5,7,3,6,5,6,6,5,4,5
1121.jpg,urban,6,4,7,5,5,6,7,3,6,7,5,6,7,6,6
1124.jpg,urban,8,7,8,6,8,7,5,7,8,9,8,7,8,9,9
1158.jpg,urban,3,2,4,6,3,4,5,2,6,5,4,5,4,5,4
1161.jpg,urban,7,8,8,5,7,6,4,6,8,8,8,6,7,8,9
1176.jpg,urban,6,5,7,4,6,5,3,4,7,8,6,5,7,8,7
1182.jpg,urban,7,6,8,5,7,6,5,7,6,8,8,6,7,8,8
1184.jpg,urban,6,8,4,7,5,6,8,4,7,6,7,8,8,6,5
1185.jpg,urban,6,5,7,4,6,5,4,3,8,7,7,5,8,7,6
1189.jpg,urban,7,6,5,4,6,5,3,8,7,8,9,6,7,8,9
1203.jpg,urban,8,9,7,6,7,8,7,8,7,8,9,7,6,8,9
1206.jpg,urban,6,4,5,7,4,3,6,3,7,6,8,6,5,4,6
1211.jpg,urban,7,8,7,6,6,7,8,5,8,6,7,7,5,7,8
1213.jpg,urban,8,7,8,6,7,7,6,7,8,8,8,7,7,8,9
1221.jpg,urban,4,3,5,6,4,4,3,2,7,6,8,5,6,5,7
1226.jpg,urban,4,6,7,5,6,5,7,3,5,8,6,6,7,8,8
1227.jpg,urban,4,6,7,5,6,5,7,3,4,8,7,6,8,8,9
1228.jpg,urban,7,6,8,5,7,6,4,6,7,8,8,6,7,8,9
1236.jpg,urban,6,7,5,4,6,5,6,5,6,7,8,5,7,8,8
1250.jpg,urban,7,8,6,5,6,5,4,6,9,7,8,6,5,3,7
1252.jpg,urban,6,7,5,4,6,6,6,5,6,7,7,6,7,8,8
1254.jpg,urban,7,8,8,6,7,7,6,8,8,7,8,7,8,7,9
1267.jpg,urban,8,7,7,6,7,7,8,6,8,7,8,7,8,8,8
1270.jpg,urban,7,6,8,5,6,7,5,7,8,8,9,7,7,8,9
1283.jpg,urban,6,7,5,4,5,6,5,6,7,7,8,5,6,6,7
1285.jpg,urban,6,5,7,4,6,5,6,5,6,7,8,6,7,8,7
1310.jpg,urban,6,4,7,5,6,5,4,6,6,7,8,6,7,7,8
1313.jpg,urban,7,6,8,5,7,6,4,7,6,8,8,7,8,8,9
1315.jpg,urban,6,5,7,4,6,5,4,5,6,7,8,6,7,8,8
1317.jpg,urban,6,5,7,4,6,7,3,5,7,8,8,6,7,8,8
1327.jpg,urban,6,4,8,7,6,7,6,5,7,8,7,8,7,8,8
1330.jpg,urban,6,7,5,6,4,6,7,4,6,5,7,6,3,6,5
1331.jpg,urban,6,7,8,5,6,7,8,4,7,5,6,6,5,8,7
1332.jpg,urban,6,7,5,4,5,6,6,4,6,7,7,5,6,7,8
1333.jpg,urban,8,9,8,6,8,8,7,9,7,9,8,7,7,9,9
1336.jpg,urban,7,8,9,5,6,7,6,8,7,8,9,6,7,8,9
1337.jpg,urban,4,2,6,3,3,4,5,3,7,6,7,4,5,3,4
1339.jpg,urban,8,7,8,6,7,6,5,7,7,8,8,6,7,8,9
1347.jpg,urban,6,4,7,3,7,6,3,5,5,8,8,6,8,8,9
1349.jpg,urban,7,5,6,4,6,7,3,8,6,8,9,7,7,8,9
1352.jpg,urban,7,6,8,5,7,6,5,4,9,8,7,6,8,9,8
1353.jpg,urban,7,5,6,8,6,5,7,6,8,7,8,9,7,6,7
1354.jpg,urban,7,6,8,5,7,6,5,6,6,8,7,6,7,8,8
1358.jpg,urban,7,6,5,4,6,6,5,7,6,8,8,6,5,7,8
1363.jpg,urban,7,6,7,5,6,6,5,6,7,8,8,6,5,7,8
1366.jpg,urban,6,4,7,3,6,5,4,5,6,8,7,5,7,8,8
1372.jpg,urban,8,7,6,7,6,7,6,8,8,7,9,7,7,8,8
1374.jpg,urban,7,8,7,6,7,7,8,5,8,6,6,7,7,8,7
1375.jpg,urban,8,7,6,5,7,6,6,5,7,6,8,7,5,7,8
1381.jpg,urban,7,8,8,6,7,7,7,6,8,8,8,7,8,8,9
1387.jpg,urban,7,5,8,8,7,6,4,6,7,8,8,7,6,8,8
1393.jpg,urban,7,8,6,7,6,7,6,5,8,7,8,7,7,8,8
1395.jpg,urban,8,9,7,6,8,8,7,7,8,7,6,7,8,8,9
1396.jpg,urban,6,7,8,5,6,7,8,4,7,5,7,6,5,7,6
1397.jpg,urban,6,7,5,4,5,6,6,4,6,7,7,5,6,6,7
1402.jpg,urban,6,4,7,5,6,7,6,4,6,8,7,6,5,7,8
1403.jpg,urban,7,8,6,5,7,7,6,5,7,6,8,6,6,7,8
1406.jpg,urban,6,7,5,4,6,6,7,4,6,7,7,5,8,8,7
1414.jpg,urban,4,3,5,6,4,5,4,3,6,7,6,5,7,6,7
1419.jpg,urban,8,9,7,6,7,8,7,6,8,7,8,7,6,8,9
1420.jpg,urban,6,5,7,7,6,5,6,4,6,7,8,7,7,8,7
1422.jpg,urban,4,7,6,5,5,6,7,3,7,6,4,8,7,6,5
1423.jpg,urban,7,8,6,5,7,7,6,8,6,8,8,6,7,8,9
1424.jpg,urban,6,7,8,8,7,6,5,4,7,6,7,8,6,8,7
1425.jpg,urban,4,3,5,6,4,3,2,3,6,7,6,5,7,5,4
1427.jpg,urban,6,8,5,4,7,7,8,6,8,9,7,6,8,7,8
1428.jpg,urban,4,6,5,3,4,5,4,3,6,5,7,4,6,5,4
1430.jpg,urban,6,4,7,5,6,5,4,3,6,7,7,6,7,8,7
1435.jpg,urban,6,7,7,5,8,6,6,5,7,8,7,6,8,8,8
1440.jpg,urban,6,5,7,4,7,6,4,6,7,8,8,5,8,8,9
1448.jpg,urban,7,6,8,7,8,7,5,6,9,8,8,7,7,8,9
1450.jpg,urban,4,3,6,5,4,5,6,3,7,6,7,5,6,7,6
1454.jpg,urban,8,7,8,6,8,7,6,8,7,9,9,7,8,9,9
1457.jpg,urban,3,4,5,3,4,3,5,2,6,5,7,4,6,4,5
1464.jpg,urban,8,7,8,7,7,7,6,7,8,6,8,8,6,7,8
1466.jpg,urban,6,7,8,5,6,5,6,7,7,8,7,6,7,6,8
1472.jpg,urban,8,9,7,6,7,8,7,6,7,8,8,7,6,8,9
1477.jpg,urban,8,7,6,5,7,8,6,8,7,9,9,7,6,8,9
1478.jpg,urban,4,3,5,4,6,4,3,2,6,7,6,5,8,7,6
1487.jpg,urban,4,3,5,2,6,4,3,2,5,6,7,4,8,7,6
1496.jpg,urban,4,3,6,5,4,3,6,2,7,6,5,5,7,6,5
1504.jpg,urban,8,7,8,6,7,7,6,5,7,8,7,7,8,8,9
1507.jpg,urban,6,5,7,4,6,5,4,6,6,7,8,5,7,7,8
1508.jpg,urban,6,5,7,4,6,5,4,6,7,8,7,5,7,7,8
1511.jpg,urban,7,6,8,5,7,6,5,6,7,8,8,6,7,8,8
1512.jpg,urban,4,3,5,2,4,3,4,3,6,7,8,3,6,5,6
1514.jpg,urban,7,6,8,7,7,6,5,6,8,8,8,7,8,8,9
1521.jpg,urban,7,6,8,5,7,6,5,4,7,8,8,6,7,8,8
1534.jpg,urban,7,8,9,6,7,8,7,6,8,5,8,7,8,7,8
1537.jpg,urban,7,6,8,8,6,5,7,4,7,5,4,8,7,6,7
1549.jpg,urban,6,4,7,5,6,5,3,4,6,8,7,6,7,8,8
1555.jpg,urban,6,4,7,5,6,5,3,4,6,8,7,6,7,8,8
1556.jpg,urban,6,7,8,5,7,6,7,4,8,8,6,7,8,9,8
1563.jpg,urban,4,3,6,5,4,3,6,2,5,6,4,5,7,6,5
1572.jpg,urban,7,8,9,6,7,7,8,6,8,7,8,7,8,9,8
1573.jpg,urban,8,9,7,6,8,8,7,6,7,8,8,7,8,9,9
1585.jpg,urban,6,7,8,5,8,7,6,6,7,8,7,6,9,8,8
1586.jpg,urban,7,8,7,6,7,7,8,6,6,5,8,7,6,8,9
1596.jpg,urban,8,6,7,5,8,7,4,6,6,9,8,7,8,9,9
1597.jpg,urban,4,6,7,3,5,6,7,3,6,8,6,5,8,8,8
1598.jpg,urban,4,5,6,3,7,5,4,3,6,8,7,4,8,8,7
1600.jpg,urban,8,9,7,4,8,8,7,6,8,9,9,6,7,8,9
1608.jpg,urban,4,3,6,5,3,4,5,2,6,4,7,6,4,2,4
1618.jpg,urban,8,9,7,6,7,8,8,5,6,8,7,7,8,9,8
1620.jpg,urban,7,8,6,5,7,7,6,8,6,8,8,7,8,9,9
1622.jpg,urban,7,5,8,6,7,6,4,7,6,8,8,7,6,8,9
1623.jpg,urban,4,3,6,5,4,4,5,3,6,7,6,5,5,6,5
1626.jpg,urban,7,8,8,6,8,7,7,8,6,9,8,7,7,9,9
1629.jpg,urban,4,6,5,3,4,5,6,4,7,6,7,4,5,6,5
1631.jpg,urban,6,5,7,4,8,6,3,6,7,8,7,6,9,8,8
1634.jpg,urban,4,3,6,7,5,4,6,2,6,7,6,8,7,6,5
1636.jpg,urban,8,7,8,6,7,7,6,7,8,7,8,7,6,8,8
1641.jpg,urban,8,7,8,6,7,8,7,6,8,7,8,7,6,8,9
1652.jpg,urban,8,9,6,7,7,8,8,7,8,6,6,7,8,8,8
1654.jpg,urban,6,4,7,5,6,5,3,7,6,8,8,6,7,8,9
1657.jpg,urban,8,7,8,6,7,7,6,5,6,8,8,7,7,8,9
1659.jpg,urban,8,6,7,5,7,6,4,8,8,9,9,7,6,7,8
1664.jpg,urban,4,6,5,3,7,6,3,4,5,7,8,5,8,8,7
1665.jpg,urban,4,6,5,3,6,6,5,4,7,7,8,5,7,8,7
1674.jpg,urban,6,4,5,6,5,5,6,3,6,7,7,7,6,6,5
1677.jpg,urban,6,5,8,4,7,7,3,6,6,8,7,5,8,8,9
1680.jpg,urban,4,3,6,5,4,5,6,3,6,7,6,5,7,6,7
1684.jpg,urban,7,6,8,5,7,6,5,6,8,7,8,6,6,8,8
1686.jpg,urban,6,7,5,4,5,6,5,4,6,7,7,5,6,7,8
1692.jpg,urban,3,6,7,4,5,6,3,4,6,7,8,5,8,7,6
1694.jpg,urban,7,8,9,6,8,7,5,8,7,8,9,7,6,8,9
1695.jpg,urban,6,5,7,4,6,7,3,6,6,8,8,5,7,7,8
1709.jpg,urban,7,6,8,7,6,5,4,6,7,8,8,7,7,8,9
1710.jpg,urban,6,7,8,5,6,6,7,5,7,8,8,6,7,7,8
1730.jpg,urban,6,4,7,5,7,6,3,6,6,8,7,6,8,8,8
1736.jpg,urban,6,5,4,3,4,3,4,5,6,7,8,5,6,5,6
1742.jpg,urban,8,9,9,6,8,8,7,7,8,7,8,7,6,8,9
1755.jpg,urban,7,6,8,5,6,7,6,7,7,8,8,6,5,7,8
1756.jpg,urban,6,4,7,5,6,5,3,6,6,8,7,6,7,8,8
1770.jpg,urban,4,3,2,2,2,2,3,2,5,3,6,4,2,1,2
1773.jpg,urban,4,3,5,6,3,4,5,4,6,4,7,6,4,3,5
1779.jpg,urban,4,3,6,5,5,4,6,3,6,7,5,4,7,6,5
1790.jpg,urban,6,4,5,5,4,4,3,3,6,5,7,5,6,5,6
1792.jpg,urban,6,4,5,3,4,5,6,4,6,7,7,5,3,5,7
1799.jpg,urban,6,7,5,4,7,6,8,6,7,8,7,6,8,8,7
1807.jpg,urban,7,8,8,6,7,7,6,6,6,8,8,7,7,8,9
1808.jpg,urban,6,4,7,3,5,4,5,6,7,6,8,5,4,5,7
1813.jpg,urban,3,2,4,3,2,3,5,2,4,3,6,4,3,2,3
1815.jpg,urban,8,9,7,6,8,8,7,7,8,7,8,7,8,9,8
1816.jpg,urban,8,7,6,5,6,7,6,8,7,8,9,7,5,6,8
1819.jpg,urban,6,5,4,7,4,5,3,6,6,7,8,6,7,7,8
1821.jpg,urban,8,6,7,5,7,6,4,7,8,9,8,6,6,7,8
1826.jpg,urban,4,3,6,7,4,5,6,2,6,7,3,6,5,4,5
1828.jpg,urban,8,7,8,7,8,7,6,9,6,9,8,8,7,9,9
1840.jpg,urban,6,4,5,3,5,4,3,3,7,8,8,4,7,6,7
1843.jpg,urban,7,8,7,5,6,7,6,6,6,7,7,5,8,8,8
1847.jpg,urban,8,7,8,6,7,7,6,8,7,8,9,7,8,9,9
1848.jpg,urban,8,7,8,6,7,7,8,6,7,7,8,7,6,8,8
1885.jpg,urban,6,7,5,3,7,6,4,6,6,8,8,5,8,8,9
1887.jpg,urban,7,6,8,5,6,7,6,8,8,7,8,6,5,7,8
1889.jpg,urban,3,4,6,2,3,2,2,2,5,6,7,3,7,4,3
1892.jpg,urban,7,6,8,5,7,6,4,6,7,8,8,7,6,8,9
1895.jpg,urban,6,7,8,4,7,6,7,5,6,8,7,6,8,8,8
1896.jpg,urban,7,8,7,6,6,7,5,6,7,8,8,7,7,8,8
1910.jpg,urban,4,3,5,2,3,3,2,2,6,4,6,3,4,3,4
1911.jpg,urban,6,5,7,6,5,6,4,5,7,8,8,7,6,8,8
1912.jpg,urban,4,3,6,7,4,5,6,3,6,7,5,6,5,4,6
1926.jpg,urban,6,5,7,4,6,5,4,3,6,7,8,5,7,8,7
1934.jpg,urban,4,3,6,5,4,5,6,3,6,7,6,5,5,6,7
1937.jpg,urban,6,4,7,5,5,6,6,4,6,8,7,6,7,8,7
1943.jpg,urban,7,8,6,5,6,5,6,7,7,6,8,7,7,6,8
3.jpg,landscape,4,3,5,4,6,5,3,3,4,7,8,6,8,8,7
6.jpg,landscape,9,6,8,7,8,8,5,9,9,8,10,8,7,7,9
8.jpg,landscape,8,7,6,5,7,8,4,6,7,9,8,7,8,9,9
9.jpg,landscape,7,8,6,4,7,8,5,6,7,9,9,7,8,9,9
11.jpg,landscape,7,5,8,6,6,7,4,7,8,8,8,7,8,8,9
13.jpg,landscape,6,4,5,3,7,6,3,7,4,8,8,6,8,9,9
18.jpg,landscape,6,5,7,4,6,5,6,5,6,7,8,5,7,7,8
21.jpg,landscape,6,5,7,4,5,4,3,6,6,7,8,5,6,7,8
24.jpg,landscape,4,3,5,2,6,5,2,3,4,7,6,4,8,8,7
25.jpg,landscape,4,3,5,6,4,3,4,2,6,3,5,5,5,4,3
31.jpg,landscape,4,3,6,5,4,5,4,3,5,6,7,5,6,7,6
33.jpg,landscape,3,2,6,5,4,3,4,2,4,6,6,5,7,6,5
46.jpg,landscape,6,4,7,5,5,4,3,6,6,8,8,5,7,6,7
47.jpg,landscape,4,3,5,6,4,4,3,2,5,6,7,6,6,5,4
51.jpg,landscape,7,8,8,6,7,7,5,6,8,9,8,7,8,9,9
52.jpg,landscape,4,3,5,2,3,4,5,2,6,6,7,4,4,5,4
57.jpg,landscape,6,7,5,4,5,6,6,3,7,6,5,5,8,7,4
58.jpg,landscape,6,5,7,6,7,6,4,3,5,8,7,7,8,8,8
61.jpg,landscape,7,6,8,5,7,6,7,6,8,7,8,6,8,8,7
62.jpg,landscape,7,6,8,5,6,7,4,6,7,8,9,7,5,7,8
63.jpg,landscape,8,7,8,4,7,6,5,7,8,9,8,6,8,8,9
65.jpg,landscape,7,6,8,5,7,6,4,5,7,8,7,6,8,8,9
67.jpg,landscape,7,4,6,3,5,6,2,6,8,8,9,7,6,7,8
69.jpg,landscape,4,7,6,3,8,6,7,3,6,8,5,4,9,9,8
70.jpg,landscape,8,7,6,5,7,8,4,6,7,9,9,8,6,8,9
74.jpg,landscape,9,8,7,6,8,8,5,9,8,9,9,7,7,9,10
75.jpg,landscape,6,5,7,4,6,5,3,7,6,8,8,6,7,8,9
81.jpg,landscape,7,6,8,5,7,6,4,7,6,8,8,7,6,8,9
87.jpg,landscape,8,7,9,6,8,7,5,8,9,8,9,7,7,8,9
90.jpg,landscape,6,5,7,6,6,5,4,5,6,7,8,7,5,7,8
92.jpg,landscape,6,4,5,7,4,5,6,6,5,7,8,7,6,7,8
95.jpg,landscape,6,7,8,5,4,5,6,7,8,7,9,6,6,5,8
96.jpg,landscape,6,4,7,5,6,5,3,6,5,8,8,6,7,8,8
97.jpg,landscape,8,6,7,5,7,8,4,7,6,9,9,8,8,9,9
98.jpg,landscape,7,6,5,4,6,7,3,5,6,8,8,7,7,8,8
100.jpg,landscape,8,9,7,6,8,8,7,6,8,9,8,8,9,9,9
101.jpg,landscape,6,7,8,4,7,6,3,5,6,8,8,5,8,8,9
104.jpg,landscape,8,7,6,7,8,7,5,6,7,8,9,8,7,8,9
105.jpg,landscape,4,3,6,5,5,4,3,2,4,7,6,5,8,8,7
109.jpg,landscape,8,7,6,5,7,6,4,9,8,9,9,7,8,8,9
111.jpg,landscape,6,8,7,4,8,7,6,5,9,8,8,6,9,9,8
115.jpg,landscape,8,6,7,8,7,8,5,7,6,9,9,8,8,9,9
117.jpg,landscape,4,3,6,2,7,5,3,4,5,8,7,6,8,8,7
120.jpg,landscape,8,7,9,6,7,8,5,7,8,9,9,8,8,9,9
124.jpg,landscape,4,3,6,5,4,4,5,2,6,5,4,5,6,6,4
126.jpg,landscape,7,8,6,4,7,8,3,6,8,9,9,8,8,9,9
127.jpg,landscape,8,7,8,6,7,7,5,8,9,9,9,8,8,8,9
128.jpg,landscape,6,4,7,5,6,7,3,6,7,8,7,6,8,8,8
130.jpg,landscape,7,5,6,4,5,6,3,8,6,8,9,7,6,7,8
133.jpg,landscape,7,8,9,6,7,6,5,8,9,8,9,7,8,8,9
139.jpg,landscape,6,5,7,4,6,7,3,8,6,8,9,7,5,7,9
142.jpg,landscape,8,6,7,5,7,8,4,6,7,9,8,7,8,9,9
143.jpg,landscape,8,7,6,5,7,7,4,6,8,9,9,7,8,8,9
154.jpg,landscape,8,6,8,5,7,7,4,7,8,9,9,6,7,8,9
155.jpg,landscape,9,7,8,6,8,8,5,9,8,9,9,7,8,8,9
157.jpg,landscape,8,6,7,5,7,8,4,6,7,9,8,7,8,9,9
158.jpg,landscape,8,6,7,5,7,8,4,7,6,9,9,7,8,8,9
159.jpg,landscape,7,9,8,4,8,7,5,6,8,9,9,6,7,8,9
164.jpg,landscape,7,6,8,5,8,7,9,6,6,8,7,8,9,9,8
167.jpg,landscape,6,4,7,5,5,6,3,4,6,8,7,6,7,8,8
168.jpg,landscape,8,7,8,6,9,8,5,8,7,9,9,7,8,9,9
170.jpg,landscape,8,7,8,6,7,7,5,7,8,9,8,7,8,8,9
172.jpg,landscape,7,6,5,4,6,5,4,6,7,8,8,6,7,7,8
173.jpg,landscape,7,8,6,4,7,6,5,4,8,8,8,6,9,9,8
177.jpg,landscape,8,7,8,6,8,7,6,8,7,9,8,7,8,9,9
187.jpg,landscape,6,5,7,4,8,7,3,6,6,8,7,5,8,9,8
188.jpg,landscape,8,7,8,6,8,7,6,9,8,9,8,7,7,8,9
189.jpg,landscape,8,9,7,6,8,7,5,7,8,9,9,8,7,8,9
190.jpg,landscape,8,7,8,6,7,7,6,8,7,8,8,7,6,8,9
191.jpg,landscape,6,5,7,4,8,7,3,6,5,8,7,6,9,8,8
192.jpg,landscape,7,8,8,6,7,7,8,6,7,8,8,7,7,8,9
196.jpg,landscape,6,4,7,5,6,7,3,5,6,8,9,7,8,8,9
197.jpg,landscape,8,6,7,5,7,8,4,7,6,9,8,7,8,9,9
205.jpg,landscape,6,7,8,5,8,7,4,6,7,8,7,6,8,8,8
206.jpg,landscape,8,6,7,5,7,8,4,7,6,9,9,7,8,8,9
210.jpg,landscape,7,5,6,4,8,7,3,6,5,8,9,7,8,8,9
212.jpg,landscape,6,4,5,5,4,4,3,3,6,5,6,5,5,4,5
214.jpg,landscape,7,8,6,4,7,8,6,5,7,8,8,7,8,9,8
218.jpg,landscape,7,6,8,5,7,6,4,7,6,8,8,7,8,8,9
219.jpg,landscape,8,6,7,5,7,8,4,6,8,9,8,7,8,9,9
222.jpg,landscape,6,7,8,5,7,7,4,6,6,8,8,7,8,8,9
226.jpg,landscape,8,7,9,6,8,8,5,7,8,9,9,7,8,8,9
235.jpg,landscape,7,6,8,5,8,7,4,6,8,9,7,6,7,9,9
243.jpg,landscape,8,6,7,4,7,6,3,7,6,8,8,7,8,8,9
245.jpg,landscape,6,4,5,3,7,6,3,4,5,8,7,6,8,8,7
247.jpg,landscape,6,3,7,4,5,4,3,6,6,8,8,7,7,7,8
249.jpg,landscape,8,7,6,5,7,6,4,8,6,8,9,7,8,8,9
254.jpg,landscape,8,7,9,6,8,7,5,8,9,7,9,7,8,8,9
257.jpg,landscape,8,6,7,5,7,8,4,6,8,9,9,7,6,8,9
258.jpg,landscape,8,9,9,6,8,9,5,7,9,8,9,7,8,8,9
259.jpg,landscape,8,7,8,5,7,6,4,7,6,8,9,6,8,8,9
260.jpg,landscape,9,7,8,6,8,8,5,9,9,8,9,7,8,7,9
261.jpg,landscape,8,7,6,5,7,6,4,8,8,9,9,7,6,8,9
266.jpg,landscape,8,6,7,5,7,8,4,7,8,9,9,8,6,8,9
274.jpg,landscape,8,7,8,6,9,8,5,7,6,9,8,8,9,9,9
275.jpg,landscape,8,7,8,6,7,8,7,7,8,8,8,7,6,8,9
277.jpg,landscape,7,4,6,5,6,7,3,8,6,8,9,7,7,8,9
284.jpg,landscape,8,7,6,5,7,6,4,8,6,8,9,7,6,8,9
288.jpg,landscape,8,6,7,5,7,8,4,7,8,9,9,7,8,8,9
291.jpg,landscape,6,4,5,3,7,6,3,5,4,8,8,6,8,8,9
293.jpg,landscape,6,7,8,5,7,6,4,6,6,8,8,7,7,8,9
296.jpg,landscape,4,5,6,3,4,4,3,2,5,6,7,4,6,7,6
304.jpg,landscape,7,6,8,5,8,7,6,4,8,9,8,7,9,9,9
308.jpg,landscape,8,7,8,6,7,8,5,9,8,9,9,7,8,8,9
309.jpg,landscape,7,5,6,8,6,7,6,7,8,8,9,8,7,8,9
317.jpg,landscape,4,3,6,5,4,3,4,2,6,7,6,5,7,6,4
327.jpg,landscape,8,6,7,5,7,6,4,7,6,8,9,7,8,8,9
329.jpg,landscape,6,5,4,3,5,6,3,7,6,8,9,7,7,8,9
335.jpg,landscape,8,6,7,5,6,7,4,7,6,8,8,7,7,7,8
338.jpg,landscape,7,6,8,5,7,6,4,6,7,8,8,6,8,9,9
342.jpg,landscape,6,4,7,5,6,5,6,4,6,7,7,6,7,8,7
350.jpg,landscape,8,6,7,5,7,6,4,7,8,9,8,6,8,8,9
352.jpg,landscape,7,5,8,6,7,6,4,8,6,9,8,7,8,8,9
355.jpg,landscape,6,7,5,4,8,7,3,4,6,8,7,8,9,9,8
357.jpg,landscape,8,7,6,5,7,8,6,7,9,9,9,8,8,9,9
362.jpg,landscape,8,6,7,5,8,7,4,7,6,9,8,7,8,9,9
363.jpg,landscape,8,7,6,5,7,8,4,9,6,8,9,7,6,8,9
366.jpg,landscape,7,6,8,5,7,8,4,7,6,9,9,8,8,9,9
368.jpg,landscape,8,6,7,5,7,6,4,8,9,8,9,7,6,8,9
375.jpg,landscape,8,6,7,7,7,8,5,8,7,8,9,8,7,8,9
376.jpg,landscape,8,6,7,5,6,7,4,8,8,7,9,6,5,7,8
379.jpg,landscape,8,6,7,7,8,7,5,8,8,9,9,8,7,8,9
388.jpg,landscape,6,5,7,4,6,5,4,6,7,8,7,5,8,7,8
391.jpg,landscape,6,4,7,5,8,7,3,6,6,8,7,6,8,8,9
392.jpg,landscape,7,5,8,6,4,5,3,9,7,6,8,7,5,3,8
408.jpg,landscape,6,5,7,4,6,7,3,5,6,8,8,6,8,9,9
419.jpg,landscape,7,8,8,6,8,7,7,8,9,8,8,7,9,9,9
422.jpg,landscape,8,7,8,6,8,7,5,7,6,9,8,8,9,9,9
431.jpg,landscape,6,4,7,5,6,5,3,4,6,7,8,6,7,8,8
435.jpg,landscape,6,5,7,4,7,6,3,4,6,8,7,5,8,8,7
448.jpg,landscape,7,9,6,4,8,7,7,5,6,8,8,6,8,9,9
449.jpg,landscape,8,7,6,5,8,7,6,7,8,7,8,7,8,8,9
456.jpg,landscape,6,4,7,3,5,4,5,3,8,7,8,4,6,5,4
460.jpg,landscape,6,4,7,5,6,5,3,5,6,8,7,6,8,8,7
487.jpg,landscape,4,6,7,3,5,6,7,3,6,8,4,5,7,6,4
493.jpg,landscape,8,7,9,4,8,8,5,7,9,9,8,6,9,9,8
497.jpg,landscape,7,5,8,4,6,6,3,6,7,8,8,6,8,7,8
498.jpg,landscape,4,3,2,6,2,2,3,5,6,7,8,4,7,3,4
512.jpg,landscape,6,5,7,4,6,5,3,6,6,8,8,6,7,7,8
517.jpg,landscape,8,6,7,5,7,8,4,6,7,9,8,7,8,9,9
519.jpg,landscape,7,6,8,5,7,6,5,7,8,8,6,6,7,7,8
523.jpg,landscape,7,6,8,5,7,7,4,6,6,8,8,7,7,8,9
526.jpg,landscape,7,6,8,7,7,6,5,8,6,8,8,7,8,8,9
527.jpg,landscape,4,6,7,5,6,5,7,3,4,6,7,6,8,7,8
534.jpg,landscape,6,5,4,3,4,4,3,3,6,7,8,5,6,3,6
537.jpg,landscape,8,7,6,7,7,6,4,8,7,9,9,8,6,8,9
544.jpg,landscape,6,5,7,4,6,5,3,6,7,8,8,6,7,7,8
546.jpg,landscape,6,5,7,4,6,5,3,6,6,8,8,5,7,7,8
551.jpg,landscape,9,7,8,6,8,7,5,9,8,9,9,8,7,9,10
554.jpg,landscape,4,7,5,3,6,6,5,4,7,8,8,5,7,8,9
562.jpg,landscape,6,7,8,4,7,6,5,7,6,8,8,6,8,8,9
571.jpg,landscape,8,7,6,5,8,7,4,7,6,9,9,8,8,9,9
572.jpg,landscape,8,7,6,5,7,8,4,6,7,9,9,8,8,9,9
575.jpg,landscape,8,7,6,5,7,8,4,7,6,9,9,8,8,9,9
576.jpg,landscape,7,6,8,5,7,8,4,7,8,9,9,7,8,8,9
577.jpg,landscape,8,6,7,5,7,8,4,7,6,9,9,8,8,9,9
578.jpg,landscape,8,7,6,5,7,8,4,7,6,9,9,8,6,8,9
579.jpg,landscape,7,5,8,6,7,8,4,6,7,9,8,7,8,9,9
580.jpg,landscape,7,5,8,6,7,6,4,5,7,8,8,7,8,8,9
597.jpg,landscape,8,7,6,5,8,7,4,6,7,9,8,7,8,9,9
604.jpg,landscape,4,3,4,5,6,5,3,2,4,6,7,6,8,7,6
607.jpg,landscape,4,3,5,2,3,2,4,2,6,5,4,3,4,3,2
615.jpg,landscape,7,8,9,6,8,8,9,5,7,6,6,8,7,8,7
616.jpg,landscape,6,5,7,4,8,7,3,6,6,8,7,6,8,8,9
619.jpg,landscape,8,7,9,5,8,8,4,7,9,8,9,7,8,9,9
621.jpg,landscape,7,5,8,6,7,8,4,7,8,9,9,7,8,8,9
623.jpg,landscape,7,6,8,7,6,7,8,5,8,6,9,7,7,8,8
634.jpg,landscape,8,6,7,5,7,8,4,6,8,9,8,7,8,9,9
638.jpg,landscape,3,2,4,5,3,3,4,2,6,2,3,5,4,3,2
642.jpg,landscape,6,5,4,3,7,6,4,3,8,8,8,5,8,9,8
644.jpg,landscape,6,4,5,3,4,5,3,6,6,8,8,7,7,8,8
661.jpg,landscape,7,6,8,5,7,8,4,6,7,9,8,7,8,9,9
663.jpg,landscape,8,6,7,5,7,8,4,6,5,9,9,8,8,9,9
665.jpg,landscape,7,6,8,5,7,6,4,7,8,9,9,7,8,8,9
666.jpg,landscape,8,6,7,5,7,8,4,7,6,9,9,8,8,9,9
667.jpg,landscape,6,5,4,3,5,7,3,6,4,8,9,7,6,8,9
668.jpg,landscape,6,5,4,3,7,6,3,5,4,8,8,6,8,9,8
673.jpg,landscape,8,6,7,5,7,7,4,8,8,9,9,7,6,8,9
674.jpg,landscape,8,6,7,5,7,6,4,7,8,9,8,7,8,8,9
680.jpg,landscape,4,6,7,3,4,3,4,3,6,5,7,5,6,4,5
687.jpg,landscape,6,8,7,4,7,8,5,6,7,8,8,6,8,9,8
694.jpg,landscape,8,7,8,6,7,8,5,9,8,9,9,8,6,8,9
696.jpg,landscape,8,7,6,5,7,6,4,8,6,8,9,7,6,7,9
698.jpg,landscape,7,5,8,6,8,7,4,7,8,9,8,7,9,9,9
700.jpg,landscape,7,5,8,6,7,6,4,7,6,8,9,7,8,8,9
703.jpg,landscape,8,7,6,4,7,8,5,7,6,9,9,7,8,9,9
705.jpg,landscape,8,7,6,5,7,8,4,7,6,9,9,8,8,9,9
706.jpg,landscape,7,6,8,5,7,6,4,7,8,9,9,7,8,8,9
707.jpg,landscape,6,4,7,5,6,7,3,8,7,8,9,6,5,8,9
708.jpg,landscape,8,6,7,7,8,7,5,8,8,9,9,8,7,8,9
717.jpg,landscape,4,2,3,2,2,2,1,3,6,5,9,4,3,1,7
718.jpg,landscape,7,5,8,6,6,7,4,5,8,9,8,7,7,8,9
723.jpg,landscape,8,9,8,6,7,8,5,7,7,9,9,8,8,9,9
747.jpg,landscape,8,6,7,5,7,7,4,8,7,9,8,7,6,8,9
749.jpg,landscape,6,4,5,3,5,4,2,6,7,8,9,7,6,7,8
751.jpg,landscape,8,7,6,5,7,8,4,6,6,9,9,7,8,9,9
753.jpg,landscape,8,9,7,4,8,8,6,7,8,9,9,7,8,9,9
756.jpg,landscape,8,7,6,5,7,8,6,7,8,9,9,8,8,9,9
760.jpg,landscape,6,5,8,7,9,7,6,8,6,9,8,8,10,10,9
769.jpg,landscape,7,4,6,5,6,6,3,6,5,8,8,7,7,7,8
770.jpg,landscape,8,9,7,4,8,8,5,6,8,9,9,7,9,9,8
771.jpg,landscape,8,7,6,5,7,8,6,7,8,9,9,7,8,9,9
775.jpg,landscape,7,5,6,4,7,6,3,6,7,8,8,6,8,8,9
776.jpg,landscape,8,7,6,5,7,8,4,7,6,9,9,8,6,8,9
777.jpg,landscape,6,4,7,5,5,4,5,4,6,5,7,6,6,6,7
794.jpg,landscape,3,2,4,2,6,7,3,5,4,8,6,7,9,9,8
796.jpg,landscape,8,6,7,5,7,8,4,7,8,9,9,7,8,9,9
799.jpg,landscape,8,9,7,6,8,8,6,7,9,9,9,8,8,9,9
804.jpg,landscape,6,5,4,3,5,6,2,4,6,8,9,7,7,8,9
806.jpg,landscape,8,7,6,5,7,8,4,7,6,9,8,7,6,8,9
809.jpg,landscape,7,6,8,5,7,8,4,6,8,9,7,7,9,9,8
810.jpg,landscape,8,6,7,5,7,6,4,7,8,9,8,7,8,9,9
811.jpg,landscape,8,7,8,6,7,8,5,9,8,9,9,8,6,8,9
820.jpg,landscape,8,9,7,9,8,8,8,7,9,8,7,9,8,9,9
826.jpg,landscape,8,7,6,5,7,8,4,6,7,9,9,8,8,9,9
828.jpg,landscape,8,7,6,5,7,8,4,6,7,9,9,7,8,8,9
833.jpg,landscape,6,5,7,4,8,6,5,4,6,8,7,6,9,8,8
837.jpg,landscape,8,7,6,5,7,8,4,6,8,9,9,7,8,9,9
839.jpg,landscape,9,7,8,6,8,8,5,7,9,9,8,7,8,9,9
840.jpg,landscape,8,7,6,5,7,8,4,6,7,9,9,8,8,9,9
843.jpg,landscape,4,3,5,2,4,3,2,2,4,6,7,3,7,6,5
849.jpg,landscape,6,7,5,4,6,6,5,4,7,8,9,6,8,8,9
854.jpg,landscape,8,7,6,5,7,8,6,7,9,8,8,7,6,7,8
870.jpg,landscape,4,5,6,3,7,6,4,3,7,8,7,5,8,8,7
871.jpg,landscape,8,7,6,5,7,6,5,7,8,8,9,6,7,7,8
879.jpg,landscape,7,8,6,5,7,8,4,6,7,9,8,7,8,9,9
880.jpg,landscape,6,7,8,5,7,6,4,5,7,8,8,7,8,9,9
881.jpg,landscape,7,8,8,6,8,7,5,7,9,9,8,7,8,9,9
888.jpg,landscape,6,7,5,4,6,5,3,4,7,8,8,6,7,8,9
889.jpg,landscape,8,7,6,5,7,8,4,6,8,9,9,7,8,9,8
891.jpg,landscape,9,8,7,6,8,8,5,7,8,9,9,7,8,9,9
892.jpg,landscape,6,5,7,4,6,7,3,6,6,8,9,7,8,8,9
895.jpg,landscape,7,8,6,5,7,6,4,8,8,7,9,6,5,4,8
899.jpg,landscape,8,7,6,5,7,8,4,6,7,9,8,7,8,9,9
904.jpg,landscape,8,6,7,5,7,6,4,7,8,9,9,7,8,8,9
905.jpg,landscape,8,6,7,5,7,8,4,7,6,9,9,8,8,9,9
907.jpg,landscape,6,7,5,4,6,7,5,6,4,8,9,7,7,8,9
908.jpg,landscape,8,7,6,5,7,8,4,6,8,9,9,7,8,9,9
909.jpg,landscape,8,7,6,5,7,8,4,6,8,9,9,7,8,9,9
912.jpg,landscape,8,6,7,5,7,8,4,6,8,9,9,8,8,9,9
917.jpg,landscape,7,5,8,4,7,8,3,6,9,8,9,6,8,9,9
922.jpg,landscape,7,6,8,4,8,7,5,6,8,9,8,7,9,9,9
924.jpg,landscape,8,7,9,6,8,8,5,7,9,9,9,7,8,8,9
925.jpg,landscape,6,5,7,4,7,6,5,6,6,8,7,5,8,8,7
930.jpg,landscape,6,7,5,4,6,5,3,7,6,8,8,7,7,8,8
934.jpg,landscape,6,4,5,7,5,6,3,7,6,8,9,8,7,8,9
936.jpg,landscape,8,9,7,6,8,8,5,7,9,9,9,7,8,9,9
940.jpg,landscape,9,7,8,6,8,8,5,9,8,9,10,7,6,8,9
944.jpg,landscape,8,9,8,6,9,8,5,7,8,9,9,7,8,7,8
945.jpg,landscape,8,7,6,5,7,8,4,8,7,9,9,7,8,9,9
957.jpg,landscape,9,6,8,7,8,7,5,8,8,9,9,8,7,8,9
962.jpg,landscape,8,7,8,6,7,8,5,7,8,9,9,8,8,9,9
963.jpg,landscape,8,6,7,5,7,8,4,6,9,8,8,7,8,9,9
967.jpg,landscape,4,3,6,5,7,5,4,4,6,8,7,6,8,8,7
978.jpg,landscape,7,5,8,6,7,6,4,6,7,9,9,7,8,8,9
988.jpg,landscape,8,6,7,5,7,8,4,6,7,9,9,8,8,9,9
989.jpg,landscape,6,4,5,3,6,7,3,5,6,8,9,7,8,8,9
990.jpg,landscape,8,7,6,5,7,8,4,7,6,9,9,8,8,9,9
999.jpg,landscape,8,6,7,4,8,7,5,6,7,9,8,7,9,9,9
1001.jpg,landscape,8,7,8,6,9,8,5,8,7,9,9,7,9,9,9
1002.jpg,landscape,7,8,6,9,7,7,8,6,9,8,7,9,8,7,8
1010.jpg,landscape,8,7,6,5,7,8,4,7,6,9,9,8,8,9,9
1011.jpg,landscape,8,6,7,5,8,7,4,6,7,9,8,7,8,9,9
1018.jpg,landscape,7,6,8,4,7,6,3,5,8,9,9,7,8,8,9
1019.jpg,landscape,8,7,8,7,8,7,6,7,8,9,9,8,8,9,9
1025.jpg,landscape,7,6,8,5,7,6,4,6,5,8,8,7,8,9,9
1027.jpg,landscape,6,5,4,3,8,7,3,6,4,8,9,7,8,8,9
1030.jpg,landscape,8,7,8,6,7,8,5,8,7,9,8,7,6,8,9
1034.jpg,landscape,8,7,8,6,8,7,5,8,7,9,8,7,8,9,9
1035.jpg,landscape,8,6,7,5,7,8,4,7,6,9,9,7,8,8,9
1039.jpg,landscape,7,8,7,6,8,7,5,8,7,9,9,8,7,9,9
1042.jpg,landscape,8,6,7,5,7,7,4,6,6,8,8,7,7,8,9
1044.jpg,landscape,8,7,6,5,8,7,4,7,6,9,8,7,6,8,9
1046.jpg,landscape,8,6,7,5,7,8,4,6,7,9,9,8,8,9,9
1051.jpg,landscape,8,7,6,5,7,8,4,6,7,9,8,7,8,9,9
1052.jpg,landscape,8,6,7,5,7,6,4,7,6,8,8,7,6,8,9
1061.jpg,landscape,9,8,9,7,8,8,6,8,9,8,9,8,8,9,9
1063.jpg,landscape,8,7,8,5,9,8,7,8,7,9,8,8,9,9,9
1074.jpg,landscape,8,7,6,5,7,6,4,7,8,8,9,7,8,8,9
1084.jpg,landscape,8,7,6,4,7,8,5,6,8,9,9,7,8,9,9
1087.jpg,landscape,8,7,6,5,7,8,4,6,5,9,9,7,8,9,9
1088.jpg,landscape,7,6,7,5,8,7,4,6,6,9,9,7,8,9,9
1090.jpg,landscape,8,6,7,5,7,8,4,6,5,9,9,7,8,9,9
1095.jpg,landscape,8,5,6,7,6,7,4,8,7,8,9,8,7,8,9
1096.jpg,landscape,7,5,8,6,7,6,4,8,7,9,9,7,8,8,9
1097.jpg,landscape,7,6,5,8,7,7,8,4,8,9,3,9,8,8,7
1103.jpg,landscape,7,6,5,4,6,7,3,8,6,9,9,8,7,8,9
1105.jpg,landscape,7,6,5,4,7,6,3,5,6,8,8,7,8,8,9
1108.jpg,landscape,7,8,6,4,7,6,5,5,7,8,9,6,8,9,8
1109.jpg,landscape,7,8,8,6,7,8,9,6,7,8,6,8,7,8,8
1116.jpg,landscape,8,6,7,5,7,8,4,6,9,8,8,7,8,9,8
1120.jpg,landscape,7,5,6,4,8,7,3,6,6,9,9,7,8,9,9
1129.jpg,landscape,7,6,5,4,6,7,5,6,5,8,8,7,7,8,8
1130.jpg,landscape,8,7,6,5,7,8,4,7,6,9,8,7,8,9,9
1131.jpg,landscape,8,7,8,6,7,8,5,7,8,9,9,7,8,8,9
1133.jpg,landscape,8,6,7,4,7,8,3,6,7,9,9,7,8,8,9
1136.jpg,landscape,8,6,7,5,7,7,4,6,7,9,9,8,7,8,9
1138.jpg,landscape,8,6,7,5,7,8,4,6,7,9,9,8,8,9,9
1139.jpg,landscape,6,5,4,3,7,6,3,4,4,8,8,7,8,9,9
1140.jpg,landscape,8,7,6,5,7,8,4,7,6,9,9,8,8,9,9
1141.jpg,landscape,7,4,5,6,6,7,3,8,6,9,9,7,5,8,9
1143.jpg,landscape,8,6,7,5,8,9,4,8,9,9,9,7,7,8,9
1145.jpg,landscape,7,6,5,4,6,6,3,7,6,8,8,5,7,8,9
1146.jpg,landscape,8,6,7,5,7,8,4,7,6,9,9,8,8,9,9
1149.jpg,landscape,8,7,6,5,7,8,4,7,6,9,9,8,8,8,9
1150.jpg,landscape,4,3,5,6,4,4,6,3,7,3,2,5,3,3,2
1166.jpg,landscape,8,6,7,5,7,6,4,7,8,9,9,7,8,8,9
1168.jpg,landscape,8,7,6,5,7,8,4,6,6,9,9,7,8,9,9
1169.jpg,landscape,8,6,7,5,7,8,4,7,6,9,9,8,8,9,9
1173.jpg,landscape,8,6,7,5,7,8,4,6,6,9,8,7,8,9,9
1175.jpg,landscape,8,6,7,5,8,7,4,6,7,8,8,7,8,9,9
1181.jpg,landscape,7,8,9,4,8,7,6,7,8,8,7,6,9,9,8
1186.jpg,landscape,7,4,6,3,4,5,2,8,8,7,9,6,5,3,7
1192.jpg,landscape,7,5,6,4,6,7,3,7,6,8,9,6,7,8,9
1197.jpg,landscape,6,4,5,3,7,6,3,5,6,8,8,7,8,8,9
1201.jpg,landscape,6,4,5,7,6,5,6,4,6,8,7,8,7,7,8
1208.jpg,landscape,4,5,6,7,5,4,6,6,7,8,8,6,7,8,7
1229.jpg,landscape,4,3,5,2,3,2,2,2,6,7,6,3,7,5,4
1230.jpg,landscape,8,6,7,5,7,8,4,7,8,9,9,7,6,8,9
1232.jpg,landscape,7,8,6,9,5,7,4,6,8,7,8,9,6,5,7
1238.jpg,landscape,4,6,5,3,4,5,6,3,7,6,5,4,6,5,4
1241.jpg,landscape,6,7,8,5,7,6,7,6,7,8,8,7,6,8,9
1242.jpg,landscape,8,7,8,6,7,8,5,9,7,9,9,8,6,8,9
1243.jpg,landscape,6,8,4,3,7,6,5,4,7,8,9,5,8,9,8
1256.jpg,landscape,6,5,7,4,8,7,3,6,6,8,7,6,9,9,8
1265.jpg,landscape,4,3,5,6,4,5,3,2,3,7,8,6,8,7,8
1268.jpg,landscape,8,7,6,5,7,8,4,6,6,9,8,7,8,9,9
1273.jpg,landscape,6,4,7,5,7,6,3,5,6,8,7,6,8,8,9
1281.jpg,landscape,4,3,6,2,7,5,2,3,5,8,6,4,8,9,8
1289.jpg,landscape,6,4,7,5,7,6,5,6,7,8,8,7,8,8,9
1307.jpg,landscape,8,9,7,6,7,8,7,6,8,8,9,7,8,9,8
1319.jpg,landscape,6,7,8,5,6,7,6,4,5,7,8,5,7,8,8
1321.jpg,landscape,7,5,8,4,6,7,3,6,7,8,8,6,8,8,9
1335.jpg,landscape,6,7,5,3,4,3,2,4,8,7,8,5,7,6,4
1346.jpg,landscape,7,6,8,5,7,6,4,6,7,8,9,7,8,8,9
1348.jpg,landscape,8,7,6,5,7,8,4,8,6,9,9,7,5,8,9
1350.jpg,landscape,8,7,8,6,8,7,5,7,6,9,8,7,8,9,9
1357.jpg,landscape,8,6,7,5,7,6,4,8,7,8,9,6,5,6,8
1359.jpg,landscape,7,8,9,6,8,7,5,7,8,9,8,7,9,9,9
1364.jpg,landscape,8,7,6,5,7,8,4,7,8,9,9,8,6,8,9
1379.jpg,landscape,8,6,7,7,8,7,5,8,8,9,9,8,7,8,9
1384.jpg,landscape,7,6,8,5,8,7,4,8,6,9,8,7,8,9,9
1386.jpg,landscape,7,6,8,8,7,6,4,7,7,8,8,7,6,8,9
1390.jpg,landscape,8,7,9,6,8,8,5,9,9,8,9,7,8,8,9
1391.jpg,landscape,8,7,8,5,7,8,4,6,7,9,9,7,8,8,9
1407.jpg,landscape,8,6,7,5,7,7,4,6,7,8,8,6,7,8,9
1410.jpg,landscape,8,7,8,6,7,7,5,6,8,9,8,7,8,9,9
1412.jpg,landscape,7,6,8,5,7,6,5,4,8,8,8,6,8,8,9
1413.jpg,landscape,6,4,5,3,7,8,3,5,6,8,7,6,8,9,8
1416.jpg,landscape,7,6,8,5,7,7,4,6,7,8,8,6,8,8,9
1434.jpg,landscape,8,6,7,5,7,6,4,6,7,8,8,7,6,8,9
1449.jpg,landscape,8,7,8,6,7,7,5,8,7,9,9,7,8,8,9
1462.jpg,landscape,8,6,7,5,7,6,4,6,7,8,8,7,8,8,9
1465.jpg,landscape,8,7,8,6,8,7,5,9,7,9,9,8,6,8,9
1481.jpg,landscape,8,7,8,6,8,7,5,9,7,9,9,8,8,9,9
1482.jpg,landscape,8,7,8,6,8,7,5,7,7,9,8,7,6,9,9
1483.jpg,landscape,8,6,7,5,7,8,4,7,6,9,9,8,8,9,9
1484.jpg,landscape,7,6,8,5,7,8,4,6,7,9,9,8,8,8,9
1490.jpg,landscape,7,5,6,4,7,8,3,6,7,8,9,7,8,8,9
1491.jpg,landscape,6,4,5,3,6,7,3,7,8,8,9,7,5,7,8
1498.jpg,landscape,8,6,7,5,7,8,4,7,8,9,9,8,8,9,9
1502.jpg,landscape,6,7,5,4,8,7,5,3,6,8,6,7,9,9,8
1509.jpg,landscape,6,5,7,6,6,5,4,5,6,7,8,7,6,7,8
1538.jpg,landscape,7,6,5,4,7,8,3,6,7,9,9,8,8,9,9
1539.jpg,landscape,8,6,7,5,7,8,4,6,8,9,9,7,8,8,9
1541.jpg,landscape,8,7,8,6,7,8,5,7,8,9,9,8,6,8,9
1544.jpg,landscape,8,7,8,6,8,7,5,9,9,8,9,7,8,8,9
1546.jpg,landscape,7,6,8,4,6,7,3,5,7,8,9,6,7,8,8
1551.jpg,landscape,6,7,8,5,6,6,7,5,6,7,8,6,7,7,8
1561.jpg,landscape,8,6,7,5,7,6,4,8,8,9,9,7,6,7,8
1570.jpg,landscape,8,6,7,5,7,8,6,7,6,9,9,8,5,8,9
1574.jpg,landscape,7,6,8,5,7,8,4,6,7,9,9,8,8,9,9
1578.jpg,landscape,8,6,7,5,7,6,4,7,8,9,9,7,8,8,9
1579.jpg,landscape,8,7,6,5,7,8,4,6,7,8,9,7,6,8,9
1581.jpg,landscape,7,6,5,4,8,7,3,5,6,8,7,6,8,9,9
1588.jpg,landscape,8,7,6,4,7,8,3,6,7,9,9,8,8,9,9
1590.jpg,landscape,6,5,7,4,7,6,3,5,8,8,8,6,8,9,8
1595.jpg,landscape,8,6,7,5,7,6,4,7,8,8,9,7,8,8,9
1604.jpg,landscape,7,8,7,5,8,7,6,8,7,8,9,7,8,9,9
1606.jpg,landscape,7,6,7,5,6,6,4,6,7,8,8,6,7,8,8
1613.jpg,landscape,8,7,6,5,7,6,4,6,7,8,8,6,8,8,9
1619.jpg,landscape,8,7,8,6,8,7,9,8,8,9,8,9,8,9,9
1639.jpg,landscape,6,7,5,4,7,8,3,4,6,8,8,7,8,9,9
1642.jpg,landscape,7,5,8,6,8,7,4,6,7,9,8,7,8,9,9
1647.jpg,landscape,4,6,7,3,4,3,5,2,6,5,6,4,7,4,3
1663.jpg,landscape,8,7,8,6,7,8,5,7,8,9,9,7,8,9,9
1669.jpg,landscape,8,9,7,6,7,8,5,9,8,8,9,7,6,7,9
1693.jpg,landscape,4,6,5,3,5,4,5,3,6,7,8,4,8,6,7
1702.jpg,landscape,8,7,9,6,8,8,5,9,8,7,9,7,8,8,9
1705.jpg,landscape,8,7,6,5,7,8,4,6,7,9,9,7,8,9,9
1708.jpg,landscape,7,6,8,7,6,5,6,5,8,9,8,7,7,8,9
1711.jpg,landscape,8,7,8,6,8,7,6,7,8,9,8,7,8,9,9
1714.jpg,landscape,8,7,9,6,8,8,5,8,8,9,9,7,7,8,9
1752.jpg,landscape,7,6,5,4,6,7,3,6,8,8,9,7,8,8,9
1757.jpg,landscape,8,7,6,5,7,8,4,6,5,9,9,7,8,9,9
1761.jpg,landscape,8,6,7,5,7,8,4,6,7,9,9,8,8,9,9
1762.jpg,landscape,8,7,6,5,7,6,4,8,8,9,9,7,6,7,9
1764.jpg,landscape,8,7,8,5,8,7,4,7,8,9,9,6,8,9,9
1766.jpg,landscape,8,7,6,5,7,8,4,6,8,9,9,7,8,9,9
1769.jpg,landscape,8,7,8,5,7,8,4,6,7,9,9,7,8,9,9
